贝齐系列,JY00361,单孔单把脸盆龙头,/joyou/faucet/beiqi/
贝齐系列,JY00362,单孔单把碗盆龙头,/joyou/faucet/beiqi/
贝齐系列,JY00363,单把浴缸龙头,/joyou/faucet/beiqi/
贝齐系列,JY00364,单把淋浴龙头,/joyou/faucet/beiqi/
贝齐系列,JY00368,双把分离式脸盆龙头,/joyou/faucet/beiqi/
淑女系列,JY00221,单孔单把脸盆龙头,/joyou/faucet/shunv/
淑女系列,JY00223,单把浴缸龙头,/joyou/faucet/shunv/
淑女系列,JY00224,单把淋浴龙头,/joyou/faucet/shunv/
淑女系列,JY00226,单孔单把碗盆龙头,/joyou/faucet/shunv/
淑女系列,JY00231,单孔单把脸盆龙头,/joyou/faucet/shunv/
淑女系列,JY00233,单把浴缸龙头,/joyou/faucet/shunv/
淑女系列,JY00234,单把淋浴龙头,/joyou/faucet/shunv/
淑女系列,JY00236,单孔单把碗盆龙头,/joyou/faucet/shunv/
俊伯,JY00161,单孔单把脸盆龙头,/joyou/faucet/junbo/
俊伯,JY00162,双孔单把脸盆龙头,/joyou/faucet/junbo/
俊伯,JY00163,单把浴缸龙头,/joyou/faucet/junbo/
俊伯,JY00164,单把淋浴龙头（软管式）,/joyou/faucet/junbo/
福玛,JY00352,双孔双把脸盆龙头,/joyou/faucet/fuma/
福玛,JY00214,双把淋浴龙头（软管式）,/joyou/faucet/fuma/
典雅,JY00341,单孔单把脸盆龙头,/joyou/faucet/dianya/
典雅,JY00342,单孔单把脸盆龙头,/joyou/faucet/dianya/
典雅,JY00343,单把浴缸龙头,/joyou/faucet/dianya/
典雅,JY00344,单把淋浴龙头,/joyou/faucet/dianya/
典雅,JY00346,单孔单把碗盆龙头,/joyou/faucet/dianya/
澳斯系列,JY00251,单孔单把脸盆龙头,/joyou/faucet/aosi/
澳斯系列,JY00252,单孔单把脸盆龙头,/joyou/faucet/aosi/
澳斯系列,JY00253,单把浴缸龙头,/joyou/faucet/aosi/
澳斯系列,JY00254,单把淋浴龙头,/joyou/faucet/aosi/
澳斯系列,JY00255,单孔单把碗盆龙头,/joyou/faucet/aosi/
维纳,JY00371,单孔单把脸盆龙头,/joyou/faucet/weina/
维纳,JY00372,单孔单把碗盆龙头,/joyou/faucet/weina/
维纳,JY00374,单把淋浴龙头,/joyou/faucet/weina/
天宇,JY00331,单孔双把脸盆龙头,/joyou/faucet/tianyu/
天宇,JY00332,双孔双把脸盆龙头,/joyou/faucet/tianyu/
天宇,JY00333,双把浴缸龙头,/joyou/faucet/tianyu/
天宇,JY00334,双把淋浴龙头（软管式）,/joyou/faucet/tianyu/
天宇,JY00336,单孔双把碗盆龙头,/joyou/faucet/tianyu/
天宇,JY00339,双把入墙碗盆龙头,/joyou/faucet/tianyu/
宾格,JY00181,单孔单把脸盆龙头,/joyou/faucet/binge/
宾格,JY00182,单孔单把脸盆龙头,/joyou/faucet/binge/
宾格,JY00183,单把浴缸龙头,/joyou/faucet/binge/
宾格,JY00184,单把淋浴龙头（软管式）,/joyou/faucet/binge/
罗纳,JY00411,单孔单把脸盆龙头,/joyou/faucet/luona/
罗纳,JY00412,单孔单把脸盆龙头,/joyou/faucet/luona/
罗纳,JY00413,单把浴缸龙头,/joyou/faucet/luona/
罗纳,JY00414,多功能淋浴龙头,/joyou/faucet/luona/
吉纳,JY00671,单孔单把脸盆龙头,/joyou/faucet/jina/
吉纳,JY00672,单孔单把碗盆龙头,/joyou/faucet/jina/
吉纳,JY00673,单把浴缸龙头,/joyou/faucet/jina/
吉纳,JY00674,单把淋浴龙头,/joyou/faucet/jina/
吉纳,JY00675,单孔单把厨房龙头,/joyou/faucet/jina/
吉纳,JY00677,单孔单把妇洗器龙头,/joyou/faucet/jina/
吉纳,JY00679,单把入墙碗盆龙头,/joyou/faucet/jina/
科里亚系列,JY00721,单孔单把脸盆龙头,/joyou/faucet/keliya/
科里亚系列,JY00722,单孔单把碗盆龙头,/joyou/faucet/keliya/
科里亚系列,JY00724,单把淋浴龙头,/joyou/faucet/keliya/
科里亚系列,JY00725,单孔单把厨房龙头,/joyou/faucet/keliya/
科里亚系列,JY00727,单孔单把妇洗器龙头,/joyou/faucet/keliya/
科里亚系列,JY00728,双把分离式脸盆龙头,/joyou/faucet/keliya/
科里亚系列,JY00729,双把入墙碗盆龙头,/joyou/faucet/keliya/
奔腾,JY00751,单孔单把脸盆龙头,/joyou/faucet/benteng/
奔腾,JY00752,单孔单把脸盆龙头(带面板),/joyou/faucet/benteng/
奔腾,JY00753,单把浴缸龙头,/joyou/faucet/benteng/
奔腾,JY00754,单把淋浴龙头,/joyou/faucet/benteng/
奔腾,JY00755,单孔单把厨房龙头,/joyou/faucet/benteng/
奔腾,JY00756,单孔单把碗盆龙头,/joyou/faucet/benteng/
奔腾,JY00757,单孔单把妇洗器龙头,/joyou/faucet/benteng/
奔腾,JY00758,双把分离式脸盆龙头,/joyou/faucet/benteng/
奔腾,JY00759,单把入墙碗盆龙头,/joyou/faucet/benteng/
诗迈,JY00691,单孔单把脸盆龙头,/joyou/faucet/shimai/
诗迈,JY00696,单孔单把碗盆龙头,/joyou/faucet/shimai/
诗迈,JY00693,单把浴缸龙头,/joyou/faucet/shimai/
诗迈,JY00694,单把淋浴龙头,/joyou/faucet/shimai/
诗迈,JY00692,分离式脸盆龙头,/joyou/faucet/shimai/
诗迈,JY00697,单把妇洗器龙头,/joyou/faucet/shimai/
诗迈,JY00699,单孔单把入墙碗盆龙头,/joyou/faucet/shimai/
雅朗系列,JY00781,单孔单把脸盆龙头,/joyou/faucet/yalang/
雅朗系列,JY00782,单孔单把脸盆龙头（带面板）,/joyou/faucet/yalang/
雅朗系列,JY00783,单把浴缸龙头,/joyou/faucet/yalang/
雅朗系列,JY00784,单把淋浴龙头,/joyou/faucet/yalang/
雅朗系列,JY00785,单孔单把厨房龙头,/joyou/faucet/yalang/
雅朗系列,JY00786,单孔单把碗盆龙头,/joyou/faucet/yalang/
维纳经典,JY00371-01,单孔单把脸盆龙头,/joyou/faucet/weina01/
维纳经典,JY00372-01,单孔单把碗盆龙头,/joyou/faucet/weina01/
维纳经典,JY00374-01,单把淋浴龙头,/joyou/faucet/weina01/
米尔顿系列,JY00431,单孔单把脸盆龙头,/joyou/faucet/mierdun/
米尔顿系列,JY00432,单孔单把碗盆龙头,/joyou/faucet/mierdun/
米尔顿系列,JY00435,单孔单把厨房龙头,/joyou/faucet/mierdun/
米尔顿系列,JY00436,单孔单把碗盆龙头,/joyou/faucet/mierdun/
米尔顿系列,JY00438,双把分离式脸盆龙头,/joyou/faucet/mierdun/
米尔顿系列,JY04843,五件套浴缸龙头,/joyou/faucet/mierdun/
帝派,JY00791,单孔单把脸盆龙头,/joyou/faucet/dipai/
帝派,JY00796,单孔单把碗盆龙头,/joyou/faucet/dipai/
帝派,JY00794,单把淋浴龙头,/joyou/faucet/dipai/
碗盆龙头,JY04502,,/joyou/faucet/airbasin/
碗盆龙头,JY04512,,/joyou/faucet/airbasin/
碗盆龙头,JY04522,,/joyou/faucet/airbasin/
碗盆龙头,JY04706,单孔单把碗盆龙头,/joyou/faucet/airbasin/
碗盆龙头,JY04714,单孔单把碗盆龙头,/joyou/faucet/airbasin/
碗盆龙头,JY04715,单孔单把碗盆龙头,/joyou/faucet/airbasin/
碗盆龙头,JY04716,单孔单把碗盆龙头,/joyou/faucet/airbasin/
碗盆龙头,JY04717,单孔单把碗盆龙头,/joyou/faucet/airbasin/
碗盆龙头,JY00772,单孔单把碗盆龙头,/joyou/faucet/airbasin/
碗盆龙头,JY04704,单孔单把碗盆龙头,/joyou/faucet/airbasin/
脸盆龙头,JY08703,单孔单把脸盆龙头,/joyou/faucet/washbasin/
脸盆龙头,JY08704,单孔单把脸盆龙头,/joyou/faucet/washbasin/
脸盆龙头,JY08707,单孔单把脸盆龙头,/joyou/faucet/washbasin/
脸盆龙头,JY08713,单孔单把脸盆龙头,/joyou/faucet/washbasin/
脸盆龙头,JY08715,单孔单把脸盆龙头,/joyou/faucet/washbasin/
脸盆龙头,JY08716,单孔单把脸盆龙头,/joyou/faucet/washbasin/
脸盆龙头,JY08717,单孔单把脸盆龙头,/joyou/faucet/washbasin/
脸盆龙头,JY08718,单孔单把脸盆龙头,/joyou/faucet/washbasin/
脸盆龙头,JY03722,双把分离式脸盆龙头,/joyou/faucet/washbasin/
脸盆龙头,JY00431/RB,单孔单把脸盆龙头,/joyou/faucet/washbasin/
脸盆龙头,JY00438/RB,双把分离式脸盆龙头,/joyou/faucet/washbasin/
脸盆龙头,JY00438/K,双把分离式脸盆龙头,/joyou/faucet/washbasin/
脸盆龙头,JY08722/K,双把分离式脸盆龙头,/joyou/faucet/washbasin/
脸盆龙头,JY00478,双把分离式脸盆龙头,/joyou/faucet/washbasin/
脸盆龙头,JY00668,双把分离式脸盆龙头,/joyou/faucet/washbasin/
脸盆龙头,JY00468,双把分离式脸盆龙头,/joyou/faucet/washbasin/
脸盆龙头,JY03722/RB,双把分离式脸盆龙头,/joyou/faucet/washbasin/
脸盆龙头,JY03722/K,双把分离式脸盆龙头,/joyou/faucet/washbasin/
电子触屏龙头,JY55001,恒温触摸式电子龙头,/joyou/faucet/touch/
电子触屏龙头,JY52015,电子触屏龙头,/joyou/faucet/touch/
电子触屏龙头,JY52016,电子触屏龙头,/joyou/faucet/touch/
电子触屏龙头,JY52017,电子触屏龙头,/joyou/faucet/touch/
浴缸龙头,JY04819,落地式浴缸龙头,/joyou/shower/bathtub/
浴缸龙头,JY04829/K,落地式浴缸龙头,/joyou/shower/bathtub/
浴缸龙头,JY04830,五件套浴缸龙头,/joyou/shower/bathtub/
浴缸龙头,JY04831,五件套浴缸龙头,/joyou/shower/bathtub/
浴缸龙头,JY04839,落地式浴缸龙头,/joyou/shower/bathtub/
浴缸龙头,JY04849,落地式浴缸龙头,/joyou/shower/bathtub/
浴缸龙头,JY04859,落地式浴缸龙头,/joyou/shower/bathtub/
浴缸龙头,JY04869,落地式浴缸龙头,/joyou/shower/bathtub/
浴缸龙头,JY04833,五件套浴缸龙头,/joyou/shower/bathtub/
浴缸龙头,JY04838,五件套浴缸龙头,/joyou/shower/bathtub/
浴缸龙头,JY04842,五件套浴缸龙头,/joyou/shower/bathtub/
浴缸龙头,JY04844,五件套浴缸龙头,/joyou/shower/bathtub/
浴缸龙头,JY04845,五件套浴缸龙头,/joyou/shower/bathtub/
浴缸龙头,JY04850,五件套浴缸龙头,/joyou/shower/bathtub/
浴缸龙头,JY50013,恒温淋浴龙头,/joyou/shower/bathtub/
浴缸龙头,JY50014,恒温浴缸龙头,/joyou/shower/bathtub/
浴缸龙头,JY50016,恒温淋浴龙头,/joyou/shower/bathtub/
浴缸龙头,JY04857,五件套浴缸龙头,/joyou/shower/bathtub/
浴缸龙头,JY04858,五件套浴缸龙头,/joyou/shower/bathtub/
浴缸龙头,JY04860,五件套浴缸龙头,/joyou/shower/bathtub/
淋浴柱,JY00398,单把龙头淋浴柱,/joyou/shower/column/
淋浴柱,JY04813,单把龙头淋浴柱（带下出水）,/joyou/shower/column/
淋浴柱,JY04820,单把龙头淋浴柱,/joyou/shower/column/
淋浴柱,JY04821-B,多功能淋浴柱,/joyou/shower/column/
淋浴柱,JY04822,单把龙头淋浴柱,/joyou/shower/column/
淋浴柱,JY04823,单把龙头淋浴柱,/joyou/shower/column/
淋浴柱,JY04827,单把龙头淋浴柱（带活动下出水）,/joyou/shower/column/
淋浴柱,JY00378,单把龙头淋浴柱（带下出水）,/joyou/shower/column/
淋浴柱,JY04828/K,双把龙头淋浴柱（带下出水）,/joyou/shower/column/
淋浴柱,JY04835,单把龙头淋浴柱（带下出水）,/joyou/shower/column/
淋浴柱,JY04841,单把龙头淋浴柱,/joyou/shower/column/
淋浴柱,JY04846,单把龙头淋浴柱,/joyou/shower/column/
淋浴柱,JY04848,单把龙头淋浴柱,/joyou/shower/column/
淋浴柱,JY00298-B,多功能淋浴柱,/joyou/shower/column/
淋浴柱,JY04908/K,暗装淋浴柱（镀金）,/joyou/shower/column/
淋浴柱,JY50019,恒温淋浴柱,/joyou/shower/column/
淋浴柱,JY50021,恒温淋浴柱,/joyou/shower/column/
淋浴柱,JY04807,单把龙头淋浴柱,/joyou/shower/column/
暗装淋浴花洒,JY04907,单把暗装淋浴花洒,/joyou/shower/conceal/
暗装淋浴花洒,JY04908,单把暗装淋浴花洒,/joyou/shower/conceal/
暗装淋浴花洒,JY04910,单把暗装淋浴花洒,/joyou/shower/conceal/
暗装淋浴花洒,JY04911,单把暗装淋浴花洒,/joyou/shower/conceal/
暗装淋浴花洒,JY04923,单把暗装淋浴花洒,/joyou/shower/conceal/
暗装淋浴花洒,JY04915,恒温暗装淋浴花洒,/joyou/shower/conceal/
暗装淋浴花洒,JY04916,恒温暗装淋浴花洒,/joyou/shower/conceal/
暗装淋浴花洒,JY04917,单把暗装淋浴花洒,/joyou/shower/conceal/
暗装淋浴花洒,JY04918,单把暗装淋浴花洒,/joyou/shower/conceal/
暗装淋浴花洒,JY04920,单把暗装淋浴花洒,/joyou/shower/conceal/
暗装淋浴花洒,JY04921,单把暗装淋浴花洒,/joyou/shower/conceal/
升降花洒,JY81006,五功能升降花洒,/joyou/shower/lift/
升降花洒,JY81045,五功能升降花洒,/joyou/shower/lift/
升降花洒,JY81046,五功能升降花洒,/joyou/shower/lift/
升降花洒,JY81049,单功能升降花洒,/joyou/shower/lift/
升降花洒,JY81022,三功能升降花洒,/joyou/shower/lift/
升降花洒,JY81029,五功能升降花洒,/joyou/shower/lift/
升降花洒,JY81048,五功能升降花洒,/joyou/shower/lift/
手握花洒,JY80002,五功能手握花洒,/joyou/shower/hand/
手握花洒,JY80007,单功能手握花洒,/joyou/shower/hand/
手握花洒,JY80030,五功能手握花洒,/joyou/shower/hand/
手握花洒,JY80045,三功能手握花洒,/joyou/shower/hand/
手握花洒,JY80048,三功能手握花洒 ,/joyou/shower/hand/
手握花洒,JY80049,单功能手握花洒,/joyou/shower/hand/
手握花洒,JY80050,五功能手握花洒,/joyou/shower/hand/
手握花洒,JY80051,五功能手握花洒,/joyou/shower/hand/
手握花洒,JY80052,三功能手握花洒 ,/joyou/shower/hand/
手握花洒,JY80053,三功能手握花洒 ,/joyou/shower/hand/
手握花洒,JY80001,三功能手握花洒,/joyou/shower/hand/
手握花洒,JY80034,三功能单头泡壳包装,/joyou/shower/hand/
手握花洒,JY80035,五功能单头泡壳包装,/joyou/shower/hand/
面盆,JY63059,艺术盆,/joyou/ceramic/basin/
面盆,JY63058,艺术盆,/joyou/ceramic/basin/
面盆,JY63031,艺术盆,/joyou/ceramic/basin/
面盆,JY63032,艺术盆,/joyou/ceramic/basin/
面盆,JY63034,艺术盆,/joyou/ceramic/basin/
面盆,JY63035,台上盆,/joyou/ceramic/basin/
面盆,JY63045,台上盆,/joyou/ceramic/basin/
面盆,JY63060,台上盆,/joyou/ceramic/basin/
面盆,JY63061,台上盆,/joyou/ceramic/basin/
面盆,JY63044,台下盆,/joyou/ceramic/basin/
面盆,JY63039,台下盆,/joyou/ceramic/basin/
面盆,JY63040,台下盆,/joyou/ceramic/basin/
面盆,JY63041,台下盆,/joyou/ceramic/basin/
面盆,JY63043,台下盆,/joyou/ceramic/basin/
面盆,JY63055,台下盆,/joyou/ceramic/basin/
面盆,JY63063,立柱盆,/joyou/ceramic/basin/
面盆,JY63062,立柱盆,/joyou/ceramic/basin/
面盆,JY63028,立柱盆,/joyou/ceramic/basin/
面盆,JY63030,立柱盆,/joyou/ceramic/basin/
面盆,JY63042,立柱盆,/joyou/ceramic/basin/
面盆,JY63064,立柱盆,/joyou/ceramic/basin/
面盆,JY63066,艺术盆,/joyou/ceramic/basin/
妇洗器,JY66003,妇洗器,/joyou/ceramic/bidets/
妇洗器,JY66008,妇洗器,/joyou/ceramic/bidets/
小便器,JY62017,挂墙式小便斗,/joyou/ceramic/urinal/
小便器,JY62016,挂墙式感应小便斗,/joyou/ceramic/urinal/
小便器,JY62004,挂墙式小便斗,/joyou/ceramic/urinal/
小便器,JY62005,挂墙式小便斗,/joyou/ceramic/urinal/
小便器,JY62007,挂墙式小便斗,/joyou/ceramic/urinal/
小便器,JY62013,挂墙式感应小便斗,/joyou/ceramic/urinal/
小便器,JY62015,挂墙式小便斗,/joyou/ceramic/urinal/
小便器,JY62018,立式小便斗,/joyou/ceramic/urinal/
小便器,JY62019,挂墙式小便斗,/joyou/ceramic/urinal/
座便器,JY60023,虹吸式连体座便器,/joyou/ceramic/toilet/
座便器,JY60037,虹吸式连体座便器,/joyou/ceramic/toilet/
座便器,JY60040,虹吸式连体座便器,/joyou/ceramic/toilet/
座便器,JY60042,虹吸式连体座便器,/joyou/ceramic/toilet/
座便器,JY60044,虹吸式连体座便器,/joyou/ceramic/toilet/
座便器,JY60055,虹吸式连体座便器,/joyou/ceramic/toilet/
座便器,JY60056,虹吸式连体座便器,/joyou/ceramic/toilet/
座便器,JY60057,虹吸式连体座便器,/joyou/ceramic/toilet/
座便器,JY60060,虹吸式连体座便器,/joyou/ceramic/toilet/
座便器,JY60061,虹吸式连体座便器,/joyou/ceramic/toilet/
座便器,JY60062,虹吸式连体座便器,/joyou/ceramic/toilet/
座便器,JY54003,智能座便器,/joyou/ceramic/toilet/
座便器,JY60053,虹吸式连体座便器,/joyou/ceramic/toilet/
座便器,JY60054,虹吸式连体座便器,/joyou/ceramic/toilet/
座便器,JY60058,虹吸式连体座便器,/joyou/ceramic/toilet/
座便器,JY60050,分体式座便器,/joyou/ceramic/toilet/
座便器,JY60065,壁挂式座便器,/joyou/ceramic/toilet/
座便器,JY60076,虹吸式连体座便器,/joyou/ceramic/toilet/
座便器,JY60077,虹吸式连体座便器,/joyou/ceramic/toilet/
座便器,JY60083,虹吸式连体座便器,/joyou/ceramic/toilet/
座便器,JY60064,虹吸式连体座便器,/joyou/ceramic/toilet/
座便器,JY60084,虹吸式连体座便器,/joyou/ceramic/toilet/
座便器,JY60086,虹吸式连体座便器,/joyou/ceramic/toilet/
座便器,JY60052,虹吸式连体座便器,/joyou/ceramic/toilet/
座便器,JY54006,智能座便器,/joyou/ceramic/toilet/
座便器,JY54007,智能座便器,/joyou/ceramic/toilet/
座便器,JY54008,智能座便器,/joyou/ceramic/toilet/
蹲便器,JY61007,蹲便器,/joyou/ceramic/squatting/
蹲便器,JY61008,蹲便器,/joyou/ceramic/squatting/
蹲便器,JY61009,蹲便器,/joyou/ceramic/squatting/
蹲便器,JY61010,蹲便器,/joyou/ceramic/squatting/
蹲便器,JY61011,蹲便器,/joyou/ceramic/squatting/
蹲便器,JY61030,蹲便器,/joyou/ceramic/squatting/
蹲便器,JY61031,蹲便器,/joyou/ceramic/squatting/
蹲便器,JY61035,蹲便器,/joyou/ceramic/squatting/
蹲便器,JY61036,蹲便器,/joyou/ceramic/squatting/
不锈钢浴室柜,JY68089,不锈钢浴室柜,/joyou/cabinet/stainless/
不锈钢浴室柜,JY68090,不锈钢浴室柜,/joyou/cabinet/stainless/
不锈钢浴室柜,JY68091,不锈钢浴室柜,/joyou/cabinet/stainless/
不锈钢浴室柜,JY68092,不锈钢浴室柜,/joyou/cabinet/stainless/
不锈钢浴室柜,JY68093,不锈钢浴室柜,/joyou/cabinet/stainless/
挂墙式浴室柜,JY68008,挂墙式浴室柜,/joyou/cabinet/wall/
挂墙式浴室柜,JY68014,挂墙式浴室柜,/joyou/cabinet/wall/
挂墙式浴室柜,JY68025,挂墙式浴室柜,/joyou/cabinet/wall/
挂墙式浴室柜,JY68013,挂墙式浴室柜,/joyou/cabinet/wall/
挂墙式浴室柜,JY68024,挂墙式浴室柜,/joyou/cabinet/wall/
挂墙式浴室柜,JY68034,挂墙式浴室柜,/joyou/cabinet/wall/
挂墙式浴室柜,JY68039,挂墙式浴室柜,/joyou/cabinet/wall/
挂墙式浴室柜,JY68042,挂墙式浴室柜,/joyou/cabinet/wall/
挂墙式浴室柜,JY68051,挂墙式浴室柜,/joyou/cabinet/wall/
挂墙式浴室柜,JY68053,挂墙式浴室柜,/joyou/cabinet/wall/
挂墙式浴室柜,JY68060,挂墙式浴室柜,/joyou/cabinet/wall/
挂墙式浴室柜,JY68063,挂墙式浴室柜,/joyou/cabinet/wall/
挂墙式浴室柜,JY68064,挂墙式浴室柜,/joyou/cabinet/wall/
挂墙式浴室柜,JY68065,挂墙式浴室柜,/joyou/cabinet/wall/
挂墙式浴室柜,JY68067,挂墙式浴室柜,/joyou/cabinet/wall/
挂墙式浴室柜,JY68070,挂墙式浴室柜,/joyou/cabinet/wall/
挂墙式浴室柜,JY68075,挂墙式浴室柜,/joyou/cabinet/wall/
挂墙式浴室柜,JY68076,挂墙式浴室柜,/joyou/cabinet/wall/
挂墙式浴室柜,JY68111,挂墙式浴室柜,/joyou/cabinet/wall/
挂墙式浴室柜,JY68116,挂墙式浴室柜,/joyou/cabinet/wall/
挂墙式浴室柜,JY68117,挂墙式浴室柜,/joyou/cabinet/wall/
落地式浴室柜,JY68043,落地式浴室柜,/joyou/cabinet/floor/
落地式浴室柜,JY68044,落地式浴室柜,/joyou/cabinet/floor/
落地式浴室柜,JY68045,落地式浴室柜,/joyou/cabinet/floor/
落地式浴室柜,JY68046,落地式浴室柜,/joyou/cabinet/floor/
落地式仿古浴室柜,JY68047,落地式仿古浴室柜,/joyou/cabinet/antique/
落地式仿古浴室柜,JY68049,落地式仿古浴室柜,/joyou/cabinet/antique/
落地式仿古浴室柜,JY68080,落地式仿古浴室柜,/joyou/cabinet/antique/
落地式仿古浴室柜,JY68081,落地式仿古浴室柜,/joyou/cabinet/antique/
落地式仿古浴室柜,JY68082,落地式仿古浴室柜,/joyou/cabinet/antique/
落地式仿古浴室柜,JY68101,落地式仿古浴室柜,/joyou/cabinet/antique/
落地式仿古浴室柜,JY68129,落地式仿古浴室柜,/joyou/cabinet/antique/
落地式仿古浴室柜,JY68136,落地式仿古浴室柜,/joyou/cabinet/antique/
落地式古典浴室柜,JY68094,落地式古典浴室柜,/joyou/cabinet/classical/
落地式古典浴室柜,JY68095,落地式古典浴室柜,/joyou/cabinet/classical/
落地式古典浴室柜,JY68096,落地式古典浴室柜,/joyou/cabinet/classical/
落地式古典浴室柜,JY68097,落地式古典浴室柜,/joyou/cabinet/classical/
落地式洗衣柜,JY68114,落地式洗衣柜,/joyou/cabinet/wash/
落地式洗衣柜,JY68115,落地式洗衣柜,/joyou/cabinet/wash/
落地式浴室柜,JY68041,落地式浴室柜,/joyou/cabinet/floor/
落地式浴室柜,JY68040,落地式浴室柜,/joyou/cabinet/floor/
落地式浴室柜,JY68056,落地式浴室柜,/joyou/cabinet/floor/
落地式浴室柜,JY68073,落地式浴室柜,/joyou/cabinet/floor/
落地式浴室柜,JY68102,落地式浴室柜,/joyou/cabinet/floor/
落地式浴室柜,JY68110,落地式浴室柜,/joyou/cabinet/floor/
落地式浴室柜,JY68112,落地式浴室柜,/joyou/cabinet/floor/
落地式浴室柜,JY68113,落地式浴室柜,/joyou/cabinet/floor/
落地式浴室柜,JY68130,落地式浴室柜,/joyou/cabinet/floor/
落地式浴室柜,JY68131,落地式浴室柜,/joyou/cabinet/floor/
落地式浴室柜,JY68132,落地式浴室柜,/joyou/cabinet/floor/
落地式浴室柜,JY68133,落地式浴室柜,/joyou/cabinet/floor/
落地式浴室柜,JY68135,落地式浴室柜,/joyou/cabinet/floor/
浴缸系列,JY69001,亚克力浴缸,/joyou/bathtub/
浴缸系列,JY69002,亚克力浴缸,/joyou/bathtub/
浴缸系列,JY69003,亚克力浴缸,/joyou/bathtub/
浴缸系列,JY69004,亚克力浴缸,/joyou/bathtub/
浴缸系列,JY69005,亚克力浴缸,/joyou/bathtub/
浴缸系列,JY69006,亚克力浴缸,/joyou/bathtub/
浴缸系列,JY69007,亚克力浴缸,/joyou/bathtub/
浴缸系列,JY69010,亚克力浴缸,/joyou/bathtub/
浴缸系列,JY69017,亚克力浴缸,/joyou/bathtub/
浴缸系列,JY69018,亚克力浴缸,/joyou/bathtub/
浴缸系列,JY69019,亚克力浴缸,/joyou/bathtub/
浴缸系列,JY69022,亚克力按摩浴缸,/joyou/bathtub/
浴缸系列,JY69045,亚克力浴缸,/joyou/bathtub/
浴缸系列,JY69046,亚克力浴缸,/joyou/bathtub/
浴缸系列,JY69047,亚克力浴缸,/joyou/bathtub/
浴缸系列,JY69008,亚克力按摩浴缸,/joyou/bathtub/
浴缸系列,JY69009,亚克力按摩浴缸,/joyou/bathtub/
浴缸系列,JY69011,亚克力按摩浴缸,/joyou/bathtub/
浴缸系列,JY69012,亚克力按摩浴缸,/joyou/bathtub/
浴缸系列,JY69013,亚克力按摩浴缸,/joyou/bathtub/
迪雅,JY21701,衣钩,/joyou/accessories/diya/
迪雅,JY21702,单杯架,/joyou/accessories/diya/
迪雅,JY21703,双杯架,/joyou/accessories/diya/
迪雅,JY21704,皂碟,/joyou/accessories/diya/
迪雅,JY21706,毛巾环,/joyou/accessories/diya/
迪雅,JY21708,短单杆,/joyou/accessories/diya/
迪雅,JY21710,短双杆,/joyou/accessories/diya/
迪雅,JY21711,长双杆,/joyou/accessories/diya/
迪雅,JY21712,化妆台,/joyou/accessories/diya/
罗比,JY21111,衣钩,/joyou/accessories/luobi/
罗比,JY21112,单杯架,/joyou/accessories/luobi/
罗比,JY21113,双杯架,/joyou/accessories/luobi/
罗比,JY21114,皂碟,/joyou/accessories/luobi/
罗比,JY21115,皂网,/joyou/accessories/luobi/
罗比,JY21116,毛巾环,/joyou/accessories/luobi/
罗比,JY21117,纸巾架,/joyou/accessories/luobi/
罗比,JY21118,短单杆,/joyou/accessories/luobi/
罗比,JY21119,长单杆,/joyou/accessories/luobi/
罗比,JY21120,短双杆,/joyou/accessories/luobi/
罗比,JY21121,长双杆,/joyou/accessories/luobi/
罗比,JY21122,化妆台,/joyou/accessories/luobi/
罗比,JY21123,厕刷架,/joyou/accessories/luobi/
罗比,JY21124,浴巾架,/joyou/accessories/luobi/
罗比,JY21125,双层置物台,/joyou/accessories/luobi/
诗雅,JY21211,衣钩,/joyou/accessories/shiya/
诗雅,JY21212,单杯架,/joyou/accessories/shiya/
诗雅,JY21213,双杯架,/joyou/accessories/shiya/
诗雅,JY21214,皂碟,/joyou/accessories/shiya/
诗雅,JY21215,皂网,/joyou/accessories/shiya/
诗雅,JY21216,毛巾环,/joyou/accessories/shiya/
诗雅,JY21217,纸巾架,/joyou/accessories/shiya/
诗雅,JY21220,短单杆,/joyou/accessories/shiya/
诗雅,JY21221,长单杆,/joyou/accessories/shiya/
诗雅,JY21218,短双杆,/joyou/accessories/shiya/
诗雅,JY21219,长双杆,/joyou/accessories/shiya/
诗雅,JY21222,化妆台,/joyou/accessories/shiya/
诗雅,JY21223,厕刷架,/joyou/accessories/shiya/
诗雅,JY21224,浴巾架,/joyou/accessories/shiya/
诗雅,JY21225,双层置物台,/joyou/accessories/shiya/
奥宝,JY21301,衣钩,/joyou/accessories/aobao/
奥宝,JY21302,单杯架,/joyou/accessories/aobao/
奥宝,JY21303,双杯架,/joyou/accessories/aobao/
奥宝,JY21304,皂碟,/joyou/accessories/aobao/
奥宝,JY21305,皂网,/joyou/accessories/aobao/
奥宝,JY21306,毛巾环,/joyou/accessories/aobao/
奥宝,JY21308,短单杆,/joyou/accessories/aobao/
奥宝,JY21310,短双杆,/joyou/accessories/aobao/
奥宝,JY21311,长双杆,/joyou/accessories/aobao/
奥宝,JY21312,化妆台,/joyou/accessories/aobao/
奥宝,JY21315,双层置物台,/joyou/accessories/aobao/
都宝,JY21501,衣钩,/joyou/accessories/dubao/
都宝,JY21502,单杯架,/joyou/accessories/dubao/
都宝,JY21503,双杯架,/joyou/accessories/dubao/
都宝,JY21504,皂碟,/joyou/accessories/dubao/
都宝,JY21505,皂网,/joyou/accessories/dubao/
都宝,JY21506,毛巾环,/joyou/accessories/dubao/
都宝,JY21507,厕巾架,/joyou/accessories/dubao/
都宝,JY21509, 长单杆,/joyou/accessories/dubao/
都宝,JY21511,长双杆,/joyou/accessories/dubao/
都宝,JY21512,化妆台,/joyou/accessories/dubao/
都宝,JY21513,厕刷架,/joyou/accessories/dubao/
都宝,JY21514,浴巾架,/joyou/accessories/dubao/
都宝,JY21515,双层置物台,/joyou/accessories/dubao/
雅高,JY21801,衣钩,/joyou/accessories/yagao/
雅高,JY21802,单杯架,/joyou/accessories/yagao/
雅高,JY21803,双杯架,/joyou/accessories/yagao/
雅高,JY21804,皂碟,/joyou/accessories/yagao/
雅高,JY21806,毛巾环,/joyou/accessories/yagao/
雅高,JY21807,纸巾架,/joyou/accessories/yagao/
雅高,JY21813,厕刷架,/joyou/accessories/yagao/
雅高,JY21808,长单杆,/joyou/accessories/yagao/
雅高,JY21810,长双杆,/joyou/accessories/yagao/
雅高,JY21812,化妆台,/joyou/accessories/yagao/
雅高,JY21814,浴巾架,/joyou/accessories/yagao/
优尚,JY21901,衣钩,/joyou/accessories/youshang/
优尚,JY21902,单杯,/joyou/accessories/youshang/
优尚,JY21903,双杯,/joyou/accessories/youshang/
优尚,JY21904,皂碟,/joyou/accessories/youshang/
优尚,JY21905,皂网,/joyou/accessories/youshang/
优尚,JY21906,毛巾环,/joyou/accessories/youshang/
优尚,JY21907,厕纸架,/joyou/accessories/youshang/
优尚,JY21908,单杆,/joyou/accessories/youshang/
优尚,JY21910,双杆,/joyou/accessories/youshang/
优尚,JY21912,化妆台,/joyou/accessories/youshang/
优尚,JY21913,马桶刷,/joyou/accessories/youshang/
优尚,JY21914,浴巾架,/joyou/accessories/youshang/
龙腾,JY22201,衣钩,/joyou/accessories/longteng/
龙腾,JY22202,单杯,/joyou/accessories/longteng/
龙腾,JY22204,皂碟,/joyou/accessories/longteng/
龙腾,JY22206,毛巾环,/joyou/accessories/longteng/
龙腾,JY22207,厕纸架,/joyou/accessories/longteng/
龙腾,JY22208,单杆,/joyou/accessories/longteng/
龙腾,JY22210,双杆,/joyou/accessories/longteng/
龙腾,JY22212,化妆台,/joyou/accessories/longteng/
龙腾,JY22213,厕刷架,/joyou/accessories/longteng/
龙腾,JY22214,浴巾架,/joyou/accessories/longteng/
龙腾,JY22215,双层置物台,/joyou/accessories/longteng/
卡里索,JY22301,衣钩,/joyou/accessories/kalisuo/
卡里索,JY22302,单杯,/joyou/accessories/kalisuo/
卡里索,JY22306,毛巾环,/joyou/accessories/kalisuo/
卡里索,JY22307,纸巾架,/joyou/accessories/kalisuo/
卡里索,JY22308,单杆,/joyou/accessories/kalisuo/
卡里索,JY22310,双杆,/joyou/accessories/kalisuo/
卡里索,JY22312,化妆台,/joyou/accessories/kalisuo/
卡里索,JY22313,马桶刷,/joyou/accessories/kalisuo/
卡里索,JY22314,浴巾架,/joyou/accessories/kalisuo/
汉普顿,JY22401,衣钩,/joyou/accessories/hanpudun/
汉普顿,JY22402,单杯,/joyou/accessories/hanpudun/
汉普顿,JY22403,双杯,/joyou/accessories/hanpudun/
汉普顿,JY22404,皂碟,/joyou/accessories/hanpudun/
汉普顿,JY22405,皂液器,/joyou/accessories/hanpudun/
汉普顿,JY22407,纸巾架,/joyou/accessories/hanpudun/
汉普顿,JY22408,单杆,/joyou/accessories/hanpudun/
汉普顿,JY22410,双杆,/joyou/accessories/hanpudun/
汉普顿,JY22412,化妆台,/joyou/accessories/hanpudun/
汉普顿,JY22413,马桶刷,/joyou/accessories/hanpudun/
汉普顿,JY22414,浴巾架,/joyou/accessories/hanpudun/
索梅罗,JY22801,衣钩,/joyou/accessories/suomeiluo/
索梅罗,JY22802,单杯架,/joyou/accessories/suomeiluo/
索梅罗,JY22803,双杯架,/joyou/accessories/suomeiluo/
索梅罗,JY22804,皂碟,/joyou/accessories/suomeiluo/
索梅罗,JY22806,毛巾环,/joyou/accessories/suomeiluo/
索梅罗,JY22807,纸巾架,/joyou/accessories/suomeiluo/
索梅罗,JY22808,长单杆,/joyou/accessories/suomeiluo/
索梅罗,JY22810,长双杆,/joyou/accessories/suomeiluo/
索梅罗,JY22813,马桶刷,/joyou/accessories/suomeiluo/
索梅罗,JY22814,浴巾架,/joyou/accessories/suomeiluo/
索梅罗,JY22812,化妆台,/joyou/accessories/suomeiluo/
铜篮,JY29001,双层铜篮,/joyou/accessories/basket/
铜篮,JY29002,单层铜篮,/joyou/accessories/basket/
铜篮,JY29003,双层铜篮,/joyou/accessories/basket/
铜篮,JY29004,单层铜篮,/joyou/accessories/basket/
铜篮,JY29005,单层铜篮,/joyou/accessories/basket/
铜篮,JY29006,双层铜篮,/joyou/accessories/basket/
铜篮,JY29007,单层铜篮,/joyou/accessories/basket/
铜篮,JY29008,单层铜篮,/joyou/accessories/basket/
铜篮,JY29009,单层铜篮,/joyou/accessories/basket/
铜篮,JY29010,单层置物篮,/joyou/accessories/basket/
铜篮,JY29011,双层铜篮,/joyou/accessories/basket/
铜篮,JY29012,单层铜篮,/joyou/accessories/basket/
铜篮,JY29013,单层铜篮,/joyou/accessories/basket/
铜篮,JY29014,双层铜篮,/joyou/accessories/basket/
衣钩,JY20523,三排衣钩,/joyou/accessories/hook/
衣钩,JY20524,四排衣钩,/joyou/accessories/hook/
衣钩,JY20525,五排衣钩,/joyou/accessories/hook/
衣钩,JY20526,六排衣钩,/joyou/accessories/hook/
衣钩,JY20527,七排衣钩,/joyou/accessories/hook/
衣钩,JY20533,三排衣钩,/joyou/accessories/hook/
衣钩,JY20534,四排衣钩,/joyou/accessories/hook/
衣钩,JY20535,五排衣钩,/joyou/accessories/hook/
衣钩,JY20536,六排衣钩,/joyou/accessories/hook/
衣钩,JY20537,七排衣钩,/joyou/accessories/hook/
衣钩,JY20543,上下双三衣钩,/joyou/accessories/hook/
衣钩,JY20544,上下双四衣钩,/joyou/accessories/hook/
衣钩,JY20545,上下双五衣钩,/joyou/accessories/hook/
衣钩,JY20546,上下双六衣钩,/joyou/accessories/hook/
卷纸架,JY20615,卷纸架,/joyou/accessories/rollstand/
卷纸架,JY20616,卷纸架,/joyou/accessories/rollstand/
卷纸架,JY20617,卷纸架,/joyou/accessories/rollstand/
卷纸架,JY20618,卷纸架,/joyou/accessories/rollstand/
卷纸架,JY20619,卷纸架,/joyou/accessories/rollstand/
卷纸架,JY20620,烟缸卷纸架,/joyou/accessories/rollstand/
卷纸架,JY20621,卷纸盒,/joyou/accessories/rollstand/
卷纸架,JY20612,手纸盒,/joyou/accessories/rollstand/
卷纸架,JY20623,大卷纸盒,/joyou/accessories/rollstand/
卷纸架,JY20624,大卷纸盒,/joyou/accessories/rollstand/
卷纸架,JY20625,大卷纸盒,/joyou/accessories/rollstand/
其他挂件,JY26001,浴缸扶手,/joyou/accessories/other/
其他挂件,JY26002,浴缸扶手,/joyou/accessories/other/
其他挂件,JY26004,折叠浴巾架,/joyou/accessories/other/
其他挂件,JY26010,工程浴巾架,/joyou/accessories/other/
其他挂件,JY26005,折叠化妆镜,/joyou/accessories/other/
其他挂件,JY26006,折叠化妆镜,/joyou/accessories/other/
其他挂件,JY20909,单层转角台,/joyou/accessories/other/
其他挂件,JY20910,单层转角台,/joyou/accessories/other/
其他挂件,JY20911,双层转角台,/joyou/accessories/other/
其他挂件,JY20912,双层转角台,/joyou/accessories/other/
感应系列,JY52006AC/DC,全自动感应水龙头,/joyou/induction/
感应系列,JY52007AC/DC,全自动感应水龙头,/joyou/induction/
感应系列,JY52009,全自动感应水龙头,/joyou/induction/
感应系列,JY52010,全自动感应水龙头,/joyou/induction/
感应系列,JY52011,全自动感应水龙头,/joyou/induction/
感应系列,JY52012,全自动感应水龙头,/joyou/induction/
感应系列,JY52013,脸盆感应龙头,/joyou/induction/
感应系列,JY52012/K,感应龙头（镀金）,/joyou/induction/
感应系列,JY51011DC,小便斗感应冲水器,/joyou/induction/
感应系列,JY53009AC,全自动感应烘手机,/joyou/induction/
感应系列,JY53010AC,全自动感应烘手机,/joyou/induction/
感应系列,JY53011,干肤、干发两用机,/joyou/induction/
感应系列,JY53008AC,感应皂液器,/joyou/induction/
感应系列,JY51014AC/DC,全自动小便斗感应冲水器,/joyou/induction/
感应系列,JY51015AC/DC,全自动小便斗感应冲水器,/joyou/induction/
感应系列,JY51016AC/DC,全自动小便斗感应冲水器,/joyou/induction/
感应系列,JY51017AC/DC,全自动小便斗感应冲水器,/joyou/induction/
感应系列,JY51018AC/DC,全自动小便斗感应冲水器,/joyou/induction/
感应系列,JY52018AC/DC,全自动感应水龙头,/joyou/induction/
感应系列,JY52021AC/DC,入墙式感应洗手器,/joyou/induction/
感应系列,JY52024AC/DC,小便斗感应冲水器,/joyou/induction/
五金配件系列,JY72009,按键式延时大便冲洗阀,/joyou/hardware/
五金配件系列,JY72010,按键式延时大便冲洗阀,/joyou/hardware/
五金配件系列,JY06327,快开龙头（加长洗衣机）,/joyou/hardware/
五金配件系列,JY06304,快开龙头（带网）,/joyou/hardware/
五金配件系列,JY06315,快开龙头（中长带网）,/joyou/hardware/
五金配件系列,JY06325,快开龙头（加长）,/joyou/hardware/
五金配件系列,JY71027,单冷快开角阀,/joyou/hardware/
五金配件系列,JY71028,单热快开角阀,/joyou/hardware/
五金配件系列,JY74011,"1/2""球阀(喷砂电镀)",/joyou/hardware/
五金配件系列,JY74012,"3/4""球阀(喷砂电镀)",/joyou/hardware/
五金配件系列,JY74013,"1""球阀(喷砂电镀)",/joyou/hardware/
五金配件系列,JY72011,脚踏式大便冲洗阀,/joyou/hardware/
五金配件系列,JY72012,脚踏式大便冲洗阀,/joyou/hardware/
五金配件系列,JY72013,快开冲洗阀,/joyou/hardware/
五金配件系列,JY72014,快开冲洗阀,/joyou/hardware/
五金配件系列,JY72015,立式脚踏冲洗阀,/joyou/hardware/
五金配件系列,JY72016,立式脚踏冲洗阀,/joyou/hardware/
五金配件系列,JY72017,暗装冲洗阀,/joyou/hardware/
五金配件系列,JY72018,暗装冲洗阀,/joyou/hardware/
五金配件系列,JY72019,按键式延时大便冲洗阀,/joyou/hardware/
五金配件系列,JY72022,按键式延时大便冲洗阀,/joyou/hardware/
五金配件系列,JY72020-1,"1""按键式延时大便冲洗阀",/joyou/hardware/
五金配件系列,JY72020-2,"3/4""按键式延时大便冲洗阀",/joyou/hardware/
五金配件系列,JY72021,按键式延时小便冲洗阀,/joyou/hardware/
五金配件系列,JY72003,脚踏式大便冲洗阀,/joyou/hardware/
五金配件系列,JY72002,手柄式大便冲洗阀,/joyou/hardware/
五金配件系列,JY73001,按键式延时小便冲洗阀,/joyou/hardware/
五金配件系列,JY73002,按键式延时小便冲洗阀,/joyou/hardware/
五金配件系列,JY73004,按键式延时小便冲洗阀（不带截止阀）,/joyou/hardware/
五金配件系列,JY73005,按键式延时小便冲洗阀（进水明装）,/joyou/hardware/
五金配件系列,JY73006,按键式延时小便冲洗阀（进水明装）,/joyou/hardware/
五金配件系列,JY06203,多功能快开龙头,/joyou/hardware/
五金配件系列,JY06326,多功能快开龙头,/joyou/hardware/
五金配件系列,JY34106,防臭地漏,/joyou/hardware/
五金配件系列,JY34110,防臭地漏,/joyou/hardware/
五金配件系列,JY34111,防臭地漏,/joyou/hardware/
五金配件系列,JY34112,自闭式防臭地漏,/joyou/hardware/
五金配件系列,JY34113,洗衣机专用地漏,/joyou/hardware/
五金配件系列,JY34114,方形防臭地漏,/joyou/hardware/
五金配件系列,JY34115,方形防臭地漏,/joyou/hardware/
五金配件系列,JY34118,自闭式防臭地漏,/joyou/hardware/
五金配件系列,JY34120,自闭式防臭地漏,/joyou/hardware/
五金配件系列,JY34121,不锈钢防臭地漏,/joyou/hardware/
五金配件系列,JY34122,不锈钢防臭地漏,/joyou/hardware/
五金配件系列,JY34123,自闭式防臭地漏（洗衣机专用）,/joyou/hardware/
五金配件系列,JY34124,自闭式防臭地漏,/joyou/hardware/
五金配件系列,JY31019,提拉下水,/joyou/hardware/
五金配件系列,JY31022,翻板下水（不带溢水孔）,/joyou/hardware/
五金配件系列,JY31023,弹跳下水,/joyou/hardware/
五金配件系列,JY31026,翻板下水（铜体）,/joyou/hardware/
五金配件系列,JY33001,面盆S弯,/joyou/hardware/
五金配件系列,JY33001-1,面盆S弯,/joyou/hardware/
五金配件系列,JY33002,面盆P弯,/joyou/hardware/
五金配件系列,JY33002-1,面盆P弯,/joyou/hardware/
五金配件系列,JY33003,面盆横排去水,/joyou/hardware/
五金配件系列,JY33010,面盆横排去水,/joyou/hardware/
五金配件系列,JY33008,全铜浴缸排水,/joyou/hardware/
五金配件系列,JY33011,小便斗排水,/joyou/hardware/
五金配件系列,JY33011-01,不锈钢小便斗排水,/joyou/hardware/
五金配件系列,JY33017,铜波纹管排水,/joyou/hardware/
五金配件系列,JY33019,铜L管,/joyou/hardware/
五金配件系列,JY33020,不锈钢L管,/joyou/hardware/
五金配件系列,JY33018,马头式小便斗下水器,/joyou/hardware/
五金配件系列,JY35022-30,￠14.5不锈钢包塑软管,/joyou/hardware/
五金配件系列,JY35022-40,￠14.5不锈钢包塑软管,/joyou/hardware/
五金配件系列,JY35022-50,￠14.5不锈钢包塑软管,/joyou/hardware/
五金配件系列,JY35022-60,￠14.5不锈钢包塑软管,/joyou/hardware/
五金配件系列,JY35022-80,￠14.5不锈钢包塑软管,/joyou/hardware/
五金配件系列,JY35022-100,￠14.5不锈钢包塑软管,/joyou/hardware/
五金配件系列,JY35022-120,￠14.5不锈钢包塑软管,/joyou/hardware/
五金配件系列,JY35022-150,￠14.5不锈钢包塑软管,/joyou/hardware/
五金配件系列,JY35021-100,￠14.5不锈钢编织软管,/joyou/hardware/
五金配件系列,JY35021-120,￠14.5不锈钢编织软管,/joyou/hardware/
五金配件系列,JY35021-150,￠14.5不锈钢编织软管,/joyou/hardware/
五金配件系列,JY35023-01,￠14不锈钢（电镀）双扣伸缩淋浴软管,/joyou/hardware/
五金配件系列,JY35023-02,￠14不锈钢（电解）双扣伸缩淋浴软管,/joyou/hardware/
五金配件系列,JY35024-50,￠11.5菜盆龙头进水管,/joyou/hardware/
五金配件系列,JY35024-60,￠11.5菜盆龙头进水管,/joyou/hardware/
五金配件系列,JY35024-80,￠11.5菜盆龙头进水管,/joyou/hardware/
五金配件系列,JY35024-100,￠11.5菜盆龙头进水管,/joyou/hardware/
五金配件系列,JY35024-120,￠11.5菜盆龙头进水管,/joyou/hardware/
五金配件系列,JY35025-40,可调节编织软管,/joyou/hardware/
五金配件系列,JY35025-50,可调节编织软管,/joyou/hardware/
五金配件系列,JY35025-60,可调节编织软管,/joyou/hardware/
五金配件系列,JY35026-40,不锈钢波纹管,/joyou/hardware/
五金配件系列,JY35026-50,不锈钢波纹管,/joyou/hardware/
五金配件系列,JY35026-80,不锈钢波纹管,/joyou/hardware/
五金配件系列,JY37002,节能水箱,/joyou/hardware/
五金配件系列,JY37003,节能水箱,/joyou/hardware/
五金配件系列,JY37004,节能水箱,/joyou/hardware/
五金配件系列,JY37008,两排前按隐藏水箱,/joyou/hardware/
五金配件系列,JY37009,两排前按隐藏水箱（超薄）,/joyou/hardware/
五金配件系列,JY07001,延时脸盆龙头,/joyou/hardware/
五金配件系列,JY07002,延时脸盆龙头,/joyou/hardware/
不锈钢水槽,JY67004,不锈钢双槽,/joyou/kitchen/sink/
不锈钢水槽,JY67008,不锈钢双槽,/joyou/kitchen/sink/
不锈钢水槽,JY67022,不锈钢双槽,/joyou/kitchen/sink/
不锈钢水槽,JY67024,不锈钢双槽,/joyou/kitchen/sink/
不锈钢水槽,JY67026,不锈钢单槽,/joyou/kitchen/sink/
不锈钢水槽,JY67027,不锈钢双槽,/joyou/kitchen/sink/
不锈钢水槽,JY67028,不锈钢双槽,/joyou/kitchen/sink/
不锈钢水槽,JY67032,不锈钢双槽,/joyou/kitchen/sink/
不锈钢水槽,JY67034,不锈钢单槽,/joyou/kitchen/sink/
不锈钢水槽,JY67035,不锈钢双槽,/joyou/kitchen/sink/
皂液器,JY39703,皂液器,/joyou/kitchen/dispenser/
皂液器,JY39704,皂液器,/joyou/kitchen/dispenser/
厨房龙头,JY00145,单孔单把厨房龙头,/joyou/kitchen/faucet/
厨房龙头,JY00175,单孔单把厨房龙头,/joyou/kitchen/faucet/
厨房龙头,JY00195,单孔单把抽拉式厨房龙头,/joyou/kitchen/faucet/
厨房龙头,JY00385,单孔单把厨房龙头,/joyou/kitchen/faucet/
厨房龙头,JY00415,单孔单把厨房龙头,/joyou/kitchen/faucet/
厨房龙头,JY00425,单孔单把厨房龙头,/joyou/kitchen/faucet/
厨房龙头,JY00565,单孔单把厨房龙头,/joyou/kitchen/faucet/
厨房龙头,JY00445,单孔单把厨房龙头,/joyou/kitchen/faucet/
厨房龙头,JY02350,单孔双把厨房龙头,/joyou/kitchen/faucet/
厨房龙头,JY02351,单冷厨房龙头,/joyou/kitchen/faucet/
厨房龙头,JY02354,单冷厨房龙头,/joyou/kitchen/faucet/
厨房龙头,JY02352-1,单冷厨房龙头入墙立管,/joyou/kitchen/faucet/
厨房龙头,JY02353,单冷厨房龙头入墙横管,/joyou/kitchen/faucet/
厨房龙头,JY02367,单冷厨房龙头,/joyou/kitchen/faucet/
厨房龙头,JY02368,饮水机龙头,/joyou/kitchen/faucet/
厨房龙头,JY00395,横管厨房龙头,/joyou/kitchen/faucet/
厨房龙头,JY02005,横管厨房龙头,/joyou/kitchen/faucet/
厨房龙头,JY00596,单孔单把厨房龙头,/joyou/kitchen/faucet/
厨房龙头,JY02369,单冷厨房龙头,/joyou/kitchen/faucet/
